{
    "Cosmology":{
        "h":0.68,
        "model":0,
        "mu":0.04,
        "omega_m0":0.3,
        "z_start":0
    },
    "General":{
        "output_file":"../run/tophat_collapse/static/tophat_strang2.h5",
        "physical_units":true
    },
    "Initial Conditions":{
        "M":1,
        "compute_velocity":false,
        "ev_threshold":-0.001,
        "ic_type":0,
        "potential_file":"",
        "seed":42,
        "source_file":"../run/tophat_collapse/ic/delta_40kpc_16384.txt"
    },
    "Simulation":{
        "a_grid_N":1000000,
        "L":1000000.0,
        "N":16384,
        "potential":"Poisson::FFT",
        "stepper":"StrangSplitting<Schroedinger::Kinetic, Schroedinger::PoissonPotential>",
        "driver":"SimpleDriver",
        "dtau":0.0001
    },
    "Observables":{
        "compute":[
            "Observable::DensityContrast",
            "Observable::Energy"
        ],
        "linear_convolution":false,
        "save_at":[
            0.0,
            1.0050251256281406,
            2.0100502512562812,
            3.015075376884422,
            4.0201005025125625,
            5.025125628140703,
            6.030150753768844,
            7.035175879396984,
            8.040201005025125,
            9.045226130653266,
            10.050251256281406
        ],
        "sigma_x":0
    }
}
